BlockSize,MeanTime_ms,Speedup
0,91.1583,1.000
2,73.8293,1.23472
4,71.4032,1.27667
8,70.6461,1.29035
16,70.7005,1.28936
32,68.7137,1.32664
